3442261340.jpg,http://farm4.static.flickr.com/3543/3442261340_8cfee5b04c_b.jpg,684,1024,777.72152
5452036852.jpg,http://farm6.static.flickr.com/5293/5452036852_9b4177c0c9_b.jpg,1024,765,880.42328
5454731780.jpg,http://farm6.static.flickr.com/5058/5454731780_d96d6af47e_b.jpg,1024,768,1183.81503
5809441961.jpg,http://farm4.static.flickr.com/3151/5809441961_7dcfe1346b_b.jpg,1024,683,2846.99552
1802254447.jpg,http://farm3.static.flickr.com/2057/1802254447_e65c0a7c49_b.jpg,682,1024,3228.82883
2542869780.jpg,http://farm4.static.flickr.com/3096/2542869780_4321289cf3_b.jpg,768,1024,1084.44444
5611243598.jpg,http://farm6.static.flickr.com/5224/5611243598_9303ae03a8_b.jpg,1024,719,568.88889
5748113613.jpg,http://farm3.static.flickr.com/2750/5748113613_73dd44f9a3_b.jpg,683,1024,5073.87387
2721065081.jpg,http://farm4.static.flickr.com/3161/2721065081_3fcef886f7_b.jpg,1024,685,781.01695
2721066329.jpg,http://farm4.static.flickr.com/3044/2721066329_7164417244_b.jpg,1024,685,781.01695
5311439155.jpg,http://farm6.static.flickr.com/5287/5311439155_15495b9d76_b.jpg,768,1024,1047.27273
5171643198.jpg,http://farm5.static.flickr.com/4129/5171643198_dccd9fb551_b.jpg,1024,640,796.44444
4098207062.jpg,http://farm3.static.flickr.com/2564/4098207062_edb8db4d86_b.jpg,716,1024,922.52252
2934846061.jpg,http://farm4.static.flickr.com/3186/2934846061_a42ec7fb71_b.jpg,1024,768,841.91750
3025892026.jpg,http://farm4.static.flickr.com/3059/3025892026_28389ed671_b.jpg,1024,685,1345.08475
4942399372.jpg,http://farm5.static.flickr.com/4079/4942399372_b1a1e0570e_b.jpg,1024,684,1183.81503
2191879673.jpg,http://farm3.static.flickr.com/2332/2191879673_50e0e18dc5_b.jpg,768,1024,1102.22222
1433966398.jpg,http://farm2.static.flickr.com/1003/1433966398_503e0e3221_b.jpg,683,1024,910.22222
2636893218.jpg,http://farm4.static.flickr.com/3011/2636893218_325a027191_b.jpg,1024,683,461.26126
2272774908.jpg,http://farm3.static.flickr.com/2218/2272774908_6f26827746_b.jpg,683,1024,1014.77477
2527825858.jpg,http://farm4.static.flickr.com/3254/2527825858_2f9e863d2e_b.jpg,1024,771,691.89189
2720127268.jpg,http://farm4.static.flickr.com/3262/2720127268_fa2b486797_b.jpg,1024,769,1066.66667
430811346.jpg,http://farm1.static.flickr.com/162/430811346_9252d8dccc_b.jpg,1024,768,1191.11111
557707367.jpg,http://farm2.static.flickr.com/1260/557707367_a592900286_b.jpg,1024,768,1031.11111
5517129022.jpg,http://farm6.static.flickr.com/5212/5517129022_79cf33c4e2_b.jpg,1024,685,781.01695
4056194473.jpg,http://farm4.static.flickr.com/3525/4056194473_094fe3f253_b.jpg,1024,683,1001.11732
5896103449.jpg,http://farm6.static.flickr.com/5064/5896103449_fa2c7a168d_b.jpg,1024,676,568.88889
2542867608.jpg,http://farm3.static.flickr.com/2321/2542867608_20998c2e65_b.jpg,768,1024,1066.66667
3381178404.jpg,http://farm4.static.flickr.com/3545/3381178404_21fcba6593_b.jpg,1024,576,455.59322
2411666270.jpg,http://farm3.static.flickr.com/2404/2411666270_8924bb3225_b.jpg,1024,629,13837.83784
2726423639.jpg,http://farm4.static.flickr.com/3090/2726423639_4c4b42e98e_b.jpg,954,1024,7288.25623
3594171060.jpg,http://farm4.static.flickr.com/3650/3594171060_4bc80972f0_b.jpg,960,1024,1296.62338
5228999442.jpg,http://farm6.static.flickr.com/5204/5228999442_9b0c4fc944_b.jpg,1024,512,477.28814
460051294.jpg,http://farm1.static.flickr.com/209/460051294_328205cddc_b.jpg,768,1024,1127.31327
2946142256.jpg,http://farm4.static.flickr.com/3151/2946142256_33c49f0305_b.jpg,1024,768,2177.66234
335975535.jpg,http://farm1.static.flickr.com/130/335975535_6c9ee174ca_b.jpg,768,1024,1541.13712
4179697443.jpg,http://farm5.static.flickr.com/4039/4179697443_e957e134db_b.jpg,768,1024,1351.11111
2221084552.jpg,http://farm3.static.flickr.com/2076/2221084552_e665762f58_b.jpg,768,1024,3946.66667
4403503251.jpg,http://farm5.static.flickr.com/4027/4403503251_6971705e08_b.jpg,1024,768,2542.22222
4717461622.jpg,http://farm5.static.flickr.com/4051/4717461622_a243ddf0a6_b.jpg,804,1024,977.77778
4632315757.jpg,http://farm5.static.flickr.com/4033/4632315757_966c04ee9f_b.jpg,1024,681,682.66667
4835074688.jpg,http://farm5.static.flickr.com/4145/4835074688_cba1452c7b_b.jpg,1024,768,704.58716
2103077269.jpg,http://farm3.static.flickr.com/2035/2103077269_2cd76d794e_b.jpg,1024,685,433.89831
1178622530.jpg,http://farm2.static.flickr.com/1361/1178622530_497727bc15_b.jpg,787,1024,1120.00000
1177752101.jpg,http://farm2.static.flickr.com/1217/1177752101_4fef065912_b.jpg,831,1024,1120.00000
5609825680.jpg,http://farm6.static.flickr.com/5070/5609825680_8a47d49648_b.jpg,1024,699,433.89831
2057435494.jpg,http://farm3.static.flickr.com/2285/2057435494_ec626a0295_b.jpg,826,1024,3297.39130
471609924.jpg,http://farm1.static.flickr.com/214/471609924_facd229499_b.jpg,681,1024,1901.09705
2110427047.jpg,http://farm3.static.flickr.com/2229/2110427047_927fede487_b.jpg,1024,683,455.11111
5277966792.jpg,http://farm6.static.flickr.com/5087/5277966792_c6768032cb_b.jpg,1024,681,777.72152
3852412853.jpg,http://farm3.static.flickr.com/2422/3852412853_dc17042868_b.jpg,1024,768,1013.33333
3478263025.jpg,http://farm4.static.flickr.com/3323/3478263025_8b4d7dff7a_b.jpg,768,1024,1120.00000
2220299683.jpg,http://farm3.static.flickr.com/2063/2220299683_13620cde34_b.jpg,1024,768,817.77778
4279518290.jpg,http://farm5.static.flickr.com/4070/4279518290_bc0b232a7f_b.jpg,683,1024,968.64865
2998092802.jpg,http://farm4.static.flickr.com/3241/2998092802_de51f1dae7_b.jpg,768,1024,1113.04348
2512437038.jpg,http://farm4.static.flickr.com/3111/2512437038_36ae78097f_b.jpg,768,1024,1127.31327
4047423498.jpg,http://farm3.static.flickr.com/2614/4047423498_7d1cd4e44a_b.jpg,1024,768,1098.77369
512497933.jpg,http://farm1.static.flickr.com/193/512497933_689be2909a_b.jpg,1024,768,1120.00000
1830266037.jpg,http://farm3.static.flickr.com/2202/1830266037_5746248257_b.jpg,1024,768,817.77778
5151438279.jpg,http://farm5.static.flickr.com/4026/5151438279_773d8e5803_b.jpg,1024,683,6227.02703
5383735182.jpg,http://farm6.static.flickr.com/5206/5383735182_5ffffff911_b.jpg,768,1024,1120.00000
5898750876.jpg,http://farm6.static.flickr.com/5080/5898750876_56e4deb2bb_b.jpg,768,1024,1262.22222
3504286269.jpg,http://farm4.static.flickr.com/3350/3504286269_1e09083166_b.jpg,683,1024,2306.30631
2083385665.jpg,http://farm3.static.flickr.com/2029/2083385665_6108aec0fc_b.jpg,1024,768,4166.77815
4139487465.jpg,http://farm3.static.flickr.com/2669/4139487465_55c86a0f1e_b.jpg,1024,768,1191.11111
5215157197.jpg,http://farm5.static.flickr.com/4127/5215157197_abf2d7b89f_b.jpg,650,1024,871.48936
2453399915.jpg,http://farm4.static.flickr.com/3255/2453399915_6589d4b432_b.jpg,1024,731,2936.06405
3605325972.jpg,http://farm4.static.flickr.com/3612/3605325972_7c4c86e52e_b.jpg,681,1024,777.72152
1609674640.jpg,http://farm3.static.flickr.com/2090/1609674640_525233ae50_b.jpg,1024,768,1031.11111
1608785177.jpg,http://farm3.static.flickr.com/2326/1608785177_3af6999f3e_b.jpg,1024,768,1031.11111
4632923722.jpg,http://farm5.static.flickr.com/4044/4632923722_0a0683a6d1_b.jpg,1024,683,1423.49776
1755240633.jpg,http://farm3.static.flickr.com/2018/1755240633_e2f90b9927_b.jpg,1024,768,3039.46488
4632916528.jpg,http://farm5.static.flickr.com/4003/4632916528_787ee2f548_b.jpg,1024,683,1102.06278
466500824.jpg,http://farm1.static.flickr.com/195/466500824_57236015f5_b.jpg,768,1024,1031.11111
466501214.jpg,http://farm1.static.flickr.com/211/466501214_8cc0394eb3_b.jpg,1024,768,1031.11111
4040390300.jpg,http://farm3.static.flickr.com/2596/4040390300_17b44162d5_b.jpg,1024,768,812.13793
3755363380.jpg,http://farm4.static.flickr.com/3496/3755363380_2f6b377f7c_b.jpg,1024,683,553.51351
2078754003.jpg,http://farm3.static.flickr.com/2144/2078754003_50d09ff8eb_b.jpg,768,1024,5564.44444
5597975138.jpg,http://farm6.static.flickr.com/5148/5597975138_5fd45bc1aa_b.jpg,661,1024,3471.18644
3368299274.jpg,http://farm4.static.flickr.com/3427/3368299274_5df1196fa4_b.jpg,1024,768,1031.11111
5898712516.jpg,http://farm6.static.flickr.com/5235/5898712516_814106d718_b.jpg,768,1024,1084.44444
3068201691.jpg,http://farm4.static.flickr.com/3072/3068201691_190d632103_b.jpg,768,1024,1120.00000
3069032458.jpg,http://farm4.static.flickr.com/3019/3069032458_a7d76b8c65_b.jpg,768,1024,1120.00000
3068199261.jpg,http://farm4.static.flickr.com/3204/3068199261_c332813703_b.jpg,1024,768,1120.00000
1259306303.jpg,http://farm2.static.flickr.com/1038/1259306303_f5fc637e79_b.jpg,1024,768,2059.05790
6041993719.jpg,http://farm7.static.flickr.com/6184/6041993719_2ccf01d065_b.jpg,765,1024,880.42328
522979477.jpg,http://farm1.static.flickr.com/222/522979477_a139dbd493_b.jpg,1024,683,817.77778
5769257024.jpg,http://farm3.static.flickr.com/2759/5769257024_e4891a50e6_b.jpg,683,1024,551.03139
1964640883.jpg,http://farm3.static.flickr.com/2248/1964640883_61a08504f2_b.jpg,768,1024,817.77778
2084674484.jpg,http://farm3.static.flickr.com/2141/2084674484_ec3056f533_b.jpg,1024,687,993.75527
2701180379.jpg,http://farm4.static.flickr.com/3104/2701180379_74d3f378e1_b.jpg,682,1024,830.27027
3934250813.jpg,http://farm4.static.flickr.com/3488/3934250813_983755e1f1_b.jpg,1024,617,830.27027
5033915105.jpg,http://farm5.static.flickr.com/4149/5033915105_872e277502_b.jpg,683,1024,6227.02703
5940932410.jpg,http://farm7.static.flickr.com/6005/5940932410_6b98a9d23f_b.jpg,1024,680,3557.96610
5154019932.jpg,http://farm2.static.flickr.com/1091/5154019932_82ec75d45c_b.jpg,1024,683,995.55556
485635205.jpg,http://farm1.static.flickr.com/187/485635205_1af4e2f389_b.jpg,1024,768,817.77778
6012432589.jpg,http://farm7.static.flickr.com/6014/6012432589_584ed9c0db_b.jpg,764,1024,880.42328
3430043770.jpg,http://farm4.static.flickr.com/3549/3430043770_184c1191ce_b.jpg,1024,768,1961.55844
5834394006.jpg,http://farm6.static.flickr.com/5159/5834394006_2e370841a1_b.jpg,1024,683,1014.77477
3422215935.jpg,http://farm4.static.flickr.com/3364/3422215935_70c6a351b6_b.jpg,729,1024,830.27027
5987357102.jpg,http://farm7.static.flickr.com/6016/5987357102_12a2e8eb57_b.jpg,1024,683,736.20915
6048564050.jpg,http://farm7.static.flickr.com/6183/6048564050_ee7b4a43cc_b.jpg,1024,768,1066.66667
2485276606.jpg,http://farm4.static.flickr.com/3061/2485276606_4d402640e4_b.jpg,768,1024,3306.66667
5843474928.jpg,http://farm3.static.flickr.com/2491/5843474928_0b4065828e_b.jpg,1024,683,1285.73991
3167455915.jpg,http://farm2.static.flickr.com/1367/3167455915_049fc78f15_b.jpg,1024,685,1388.47458
3168285850.jpg,http://farm2.static.flickr.com/1140/3168285850_37a26e0d1d_b.jpg,1024,685,1388.47458
3168282776.jpg,http://farm2.static.flickr.com/1330/3168282776_ef1a4aa76d_b.jpg,1024,685,1345.08475
3168284232.jpg,http://farm4.static.flickr.com/3098/3168284232_e27ee616e6_b.jpg,685,1024,1345.08475
1964406583.jpg,http://farm3.static.flickr.com/2288/1964406583_b280d72167_b.jpg,1024,768,1955.55556
1965244492.jpg,http://farm3.static.flickr.com/2274/1965244492_119e4d7560_b.jpg,1024,768,1493.33333
1964438193.jpg,http://farm3.static.flickr.com/2144/1964438193_8d59825744_b.jpg,1024,768,1493.33333
485568895.jpg,http://farm1.static.flickr.com/186/485568895_eea809a372_b.jpg,1024,768,817.77778
395287972.jpg,http://farm1.static.flickr.com/132/395287972_874ebccaf7_b.jpg,1024,768,1029.52895
1918799797.jpg,http://farm3.static.flickr.com/2405/1918799797_eb800c4356_b.jpg,768,1024,1120.00000
431358010.jpg,http://farm1.static.flickr.com/152/431358010_e96e3b1108_b.jpg,683,1024,830.27027
3096188823.jpg,http://farm4.static.flickr.com/3115/3096188823_4a97a005d6_b.jpg,1024,713,3037.28814
2452000934.jpg,http://farm3.static.flickr.com/2144/2452000934_7a5186ccc9_b.jpg,1024,768,2808.88889
5322431941.jpg,http://farm6.static.flickr.com/5165/5322431941_d793c56bb5_b.jpg,1024,567,399.33148
4135341187.jpg,http://farm3.static.flickr.com/2790/4135341187_da4f77b037_b.jpg,1024,768,803.13725
2450050400.jpg,http://farm3.static.flickr.com/2011/2450050400_751cfccd00_b.jpg,1024,771,876.39640
466507209.jpg,http://farm1.static.flickr.com/208/466507209_6bab64fd11_b.jpg,768,1024,1031.11111
466500036.jpg,http://farm1.static.flickr.com/230/466500036_3ab4de87d7_b.jpg,1024,768,1031.11111
2796793564.jpg,http://farm4.static.flickr.com/3048/2796793564_bd18029cc4_b.jpg,768,1024,870.06536
5989444270.jpg,http://farm7.static.flickr.com/6135/5989444270_e7cf54e850_b.jpg,680,1024,875.21368
4847757620.jpg,http://farm5.static.flickr.com/4131/4847757620_37b7308e55_b.jpg,1024,685,2082.71186
5288683866.jpg,http://farm6.static.flickr.com/5245/5288683866_5e58b58fac_b.jpg,1024,683,1991.11111
5252552244.jpg,http://farm6.static.flickr.com/5121/5252552244_06195a8da0_b.jpg,1024,683,1991.11111
4253003901.jpg,http://farm5.static.flickr.com/4041/4253003901_7e8c2083d4_b.jpg,685,1024,781.01695
3919803219.jpg,http://farm3.static.flickr.com/2602/3919803219_66070ff2c6_b.jpg,1024,681,691.30802
2542132241.jpg,http://farm4.static.flickr.com/3085/2542132241_e98e3011de_b.jpg,771,1024,1284.28094
1025193351.jpg,http://farm2.static.flickr.com/1425/1025193351_71ccfcabab_b.jpg,768,1024,1280.00000
1026053848.jpg,http://farm2.static.flickr.com/1429/1026053848_72302be99e_b.jpg,1024,768,1066.66667
813546043.jpg,http://farm2.static.flickr.com/1045/813546043_85bc2e7eb0_b.jpg,768,1024,1298.55072
813535187.jpg,http://farm2.static.flickr.com/1240/813535187_d5b399a782_b.jpg,768,1024,1298.55072
814417492.jpg,http://farm2.static.flickr.com/1062/814417492_7d5c695743_b.jpg,768,1024,1298.55072
813543291.jpg,http://farm2.static.flickr.com/1170/813543291_905267be31_b.jpg,768,1024,1298.55072
2610073351.jpg,http://farm4.static.flickr.com/3089/2610073351_a130a0fcca_b.jpg,777,1024,781.01695
3484516190.jpg,http://farm4.static.flickr.com/3341/3484516190_ab6e4ea21e_b.jpg,1024,768,828.67052
2103462560.jpg,http://farm3.static.flickr.com/2249/2103462560_8e8089a1aa_b.jpg,1024,768,3816.96658
2102682435.jpg,http://farm3.static.flickr.com/2180/2102682435_556d45799b_b.jpg,1024,768,3816.96658
430809114.jpg,http://farm1.static.flickr.com/172/430809114_d2545f18cf_b.jpg,768,1024,817.77778
471653721.jpg,http://farm1.static.flickr.com/211/471653721_9a704d77c3_b.jpg,1024,681,1209.78903
3916398737.jpg,http://farm3.static.flickr.com/2592/3916398737_e237c8d7b4_b.jpg,1024,683,1568.28829
3917197268.jpg,http://farm3.static.flickr.com/2542/3917197268_1c757e3ffe_b.jpg,1024,681,1983.42342
2899776260.jpg,http://farm4.static.flickr.com/3030/2899776260_10505a1ca1_b.jpg,1024,682,3268.08511
4571171973.jpg,http://farm4.static.flickr.com/3529/4571171973_49cdf3a55a_b.jpg,768,1024,1114.28571
2166919401.jpg,http://farm3.static.flickr.com/2411/2166919401_d1ac760ac5_b.jpg,1024,768,1031.11111
2555011103.jpg,http://farm4.static.flickr.com/3122/2555011103_d4c3786e85_b.jpg,1024,683,3920.72072
307316339.jpg,http://farm1.static.flickr.com/122/307316339_2acfa38ea4_b.jpg,1024,683,1031.11111
438472890.jpg,http://farm1.static.flickr.com/179/438472890_a5a62c4df3_b.jpg,1024,768,3096.54404
5603514318.jpg,http://farm5.static.flickr.com/4101/5603514318_daea53e138_b.jpg,683,1024,780.62780
3806261030.jpg,http://farm4.static.flickr.com/3290/3806261030_91b1dd0e2c_b.jpg,1024,683,9022.02643
2401547555.jpg,http://farm3.static.flickr.com/2135/2401547555_a239e7c22e_b.jpg,1024,555,1614.41441
2401548057.jpg,http://farm4.static.flickr.com/3070/2401548057_187c07296c_b.jpg,681,1024,1568.28829
76386557.jpg,http://farm1.static.flickr.com/6/76386557_cdd27601a1_b.jpg,1024,633,2417.77778
3619548114.jpg,http://farm4.static.flickr.com/3661/3619548114_b75d0531d6_b.jpg,1024,300,1055.96433
5072471260.jpg,http://farm5.static.flickr.com/4103/5072471260_f5ea7e9d3e_b.jpg,1024,680,3719.65812
1177801639.jpg,http://farm2.static.flickr.com/1076/1177801639_9ccc97c594_b.jpg,1024,960,1120.00000
5019678096.jpg,http://farm5.static.flickr.com/4126/5019678096_5efa9cde87_b.jpg,1024,683,459.19283
3224549141.jpg,http://farm4.static.flickr.com/3114/3224549141_5a444e377b_b.jpg,683,1024,5006.22222
5898749474.jpg,http://farm7.static.flickr.com/6041/5898749474_a09ec9bcea_b.jpg,768,1024,1031.11111
2238111424.jpg,http://farm3.static.flickr.com/2008/2238111424_e466ec62b8_b.jpg,683,1024,968.64865
5772267449.jpg,http://farm4.static.flickr.com/3177/5772267449_78e5278b06_b.jpg,1024,680,477.28814
2170167855.jpg,http://farm3.static.flickr.com/2379/2170167855_713194c206_b.jpg,1024,681,3542.95359
2186330132.jpg,http://farm3.static.flickr.com/2193/2186330132_f63f8cd0f7_b.jpg,1024,683,2490.81081
3975235926.jpg,http://farm3.static.flickr.com/2432/3975235926_2c24a3a0af_b.jpg,1024,524,784.14414
485402658.jpg,http://farm1.static.flickr.com/198/485402658_5039efb7cf_b.jpg,1024,768,817.77778
4901744176.jpg,http://farm5.static.flickr.com/4143/4901744176_39582ff38a_b.jpg,1024,686,1388.47458
4410772199.jpg,http://farm3.static.flickr.com/2744/4410772199_e16b1faed2_b.jpg,1024,683,1107.02703
1427734379.jpg,http://farm2.static.flickr.com/1397/1427734379_d048bf0822_b.jpg,681,1024,1031.11111
5735679383.jpg,http://farm4.static.flickr.com/3199/5735679383_cfde8613e3_b.jpg,680,1024,1844.06780
5113476370.jpg,http://farm2.static.flickr.com/1069/5113476370_681982217b_b.jpg,768,1024,1963.73115
4835076490.jpg,http://farm5.static.flickr.com/4149/4835076490_2cd37bcf98_b.jpg,768,1024,1325.29489
4835076540.jpg,http://farm5.static.flickr.com/4084/4835076540_8528f136dd_b.jpg,768,1024,1274.96723
2555036493.jpg,http://farm4.static.flickr.com/3177/2555036493_93a22c8f3b_b.jpg,1024,768,1120.00000
2635399377.jpg,http://farm4.static.flickr.com/3011/2635399377_b75b310c5e_b.jpg,1024,683,3383.25991
485395816.jpg,http://farm1.static.flickr.com/205/485395816_bf64f3de2d_b.jpg,1024,768,817.77778
6045794330.jpg,http://farm7.static.flickr.com/6063/6045794330_ca4731a774_b.jpg,768,1024,836.60131
5750910953.jpg,http://farm6.static.flickr.com/5109/5750910953_0772bafdc6_b.jpg,1024,768,1063.89610
2075513999.jpg,http://farm3.static.flickr.com/2320/2075513999_31730e2150_b.jpg,1024,563,2536.93694
3195209197.jpg,http://farm4.static.flickr.com/3449/3195209197_55c6c4000b_b.jpg,1024,682,2306.30631
2678848652.jpg,http://farm4.static.flickr.com/3080/2678848652_69c7be0d65_b.jpg,768,1024,2275.55556
2100661651.jpg,http://farm3.static.flickr.com/2136/2100661651_914a128c07_b.jpg,1024,685,2386.44068
2343132625.jpg,http://farm3.static.flickr.com/2001/2343132625_589cf8b94e_b.jpg,682,1024,1153.15315
3467895248.jpg,http://farm4.static.flickr.com/3520/3467895248_42c1749214_b.jpg,1024,768,1369.89967
2238115624.jpg,http://farm3.static.flickr.com/2105/2238115624_008007ac04_b.jpg,683,1024,1107.02703
485481381.jpg,http://farm1.static.flickr.com/231/485481381_d6cbd043cf_b.jpg,1024,768,817.77778
4295851762.jpg,http://farm3.static.flickr.com/2793/4295851762_5deb6c929d_b.jpg,1024,680,2603.38983
2832184443.jpg,http://farm4.static.flickr.com/3068/2832184443_a151a3e987_b.jpg,1024,768,2577.77778
3744633034.jpg,http://farm4.static.flickr.com/3457/3744633034_199a379aa7_b.jpg,1024,683,781.01695
4525699260.jpg,http://farm5.static.flickr.com/4052/4525699260_50773cbe0a_b.jpg,1024,683,483.55556
4709378708.jpg,http://farm5.static.flickr.com/4054/4709378708_06ff8de428_b.jpg,1024,680,433.89831
54902690.jpg,http://farm1.static.flickr.com/29/54902690_c1db5ac537_b.jpg,1024,768,1113.04348
3689629574.jpg,http://farm4.static.flickr.com/3578/3689629574_35637f3c37_b.jpg,768,1024,1066.66667
2072558740.jpg,http://farm3.static.flickr.com/2028/2072558740_c6091d9b50_b.jpg,1024,768,3200.00000
4864239258.jpg,http://farm5.static.flickr.com/4121/4864239258_4c6782bf1e_b.jpg,1024,768,483.55556
5307185870.jpg,http://farm6.static.flickr.com/5124/5307185870_121899a2b0_b.jpg,905,1024,1031.11111
471607667.jpg,http://farm1.static.flickr.com/195/471607667_f538b1d451_b.jpg,681,1024,1209.78903
2089923020.jpg,http://farm3.static.flickr.com/2056/2089923020_d2b6f84761_b.jpg,1024,685,1128.13559
4635487984.jpg,http://farm4.static.flickr.com/3336/4635487984_cb20d5dfc8_b.jpg,1024,768,1030.64935
4634892057.jpg,http://farm4.static.flickr.com/3387/4634892057_5da0309f80_b.jpg,1024,768,1030.64935
5303396888.jpg,http://farm6.static.flickr.com/5044/5303396888_077b70dab0_b.jpg,1024,768,781.29870
4042601210.jpg,http://farm3.static.flickr.com/2507/4042601210_7e8de895eb_b.jpg,683,1024,830.27027
2105803158.jpg,http://farm3.static.flickr.com/2080/2105803158_98a5babe81_b.jpg,1024,768,1120.00000
3743838247.jpg,http://farm3.static.flickr.com/2571/3743838247_fd63664980_b.jpg,1024,682,781.01695
3840414998.jpg,http://farm3.static.flickr.com/2506/3840414998_fa87d17abf_b.jpg,1024,768,1030.64935
5506456150.jpg,http://farm6.static.flickr.com/5053/5506456150_daa98c75d7_b.jpg,1024,685,781.01695
3186802967.jpg,http://farm4.static.flickr.com/3333/3186802967_31c3056feb_b.jpg,1024,768,1031.11111
5050898773.jpg,http://farm5.static.flickr.com/4084/5050898773_0ccbb39513_b.jpg,1024,683,826.54709
5084718725.jpg,http://farm5.static.flickr.com/4150/5084718725_2cc313e488_b.jpg,680,1024,737.62712
2231850766.jpg,http://farm3.static.flickr.com/2262/2231850766_010e944929_b.jpg,1024,690,1199.27928
1831574516.jpg,http://farm3.static.flickr.com/2146/1831574516_6e3f726f81_b.jpg,1024,768,1137.77778
5675575681.jpg,http://farm6.static.flickr.com/5103/5675575681_205ff1d3f3_b.jpg,1024,683,826.54709
2853902385.jpg,http://farm4.static.flickr.com/3035/2853902385_1e26e983e1_b.jpg,1024,768,1141.58305
4946293647.jpg,http://farm5.static.flickr.com/4127/4946293647_c3896d411c_b.jpg,1024,683,826.54709
5548599388.jpg,http://farm6.static.flickr.com/5141/5548599388_b21a6c33c8_b.jpg,1024,683,1561.25561
5398257470.jpg,http://farm6.static.flickr.com/5298/5398257470_2b51610de6_b.jpg,1024,632,826.54709
457762715.jpg,http://farm1.static.flickr.com/202/457762715_2b2247b004_b.jpg,1024,683,784.14414
3104859494.jpg,http://farm4.static.flickr.com/3043/3104859494_f323e9c908_b.jpg,1024,685,781.01695
2701996488.jpg,http://farm4.static.flickr.com/3071/2701996488_9a732bcf8a_b.jpg,1024,682,1107.02703
2639117053.jpg,http://farm4.static.flickr.com/3078/2639117053_cec3236ff1_b.jpg,1024,683,784.14414
3186799157.jpg,http://farm4.static.flickr.com/3314/3186799157_b99e03f614_b.jpg,1024,768,1333.33333
4982137941.jpg,http://farm5.static.flickr.com/4133/4982137941_d24e5b83c0_b.jpg,1024,730,780.62780
4872081762.jpg,http://farm5.static.flickr.com/4136/4872081762_b49cab9992_b.jpg,1024,683,830.27027
5380516693.jpg,http://farm6.static.flickr.com/5086/5380516693_baa05f35f3_b.jpg,1024,680,1128.13559
2812911183.jpg,http://farm4.static.flickr.com/3205/2812911183_eb11810343_b.jpg,1024,768,835.55556
2800961926.jpg,http://farm4.static.flickr.com/3258/2800961926_5db51386ac_b.jpg,1024,768,1047.27273
2371213315.jpg,http://farm4.static.flickr.com/3105/2371213315_055d228cba_b.jpg,1024,682,1263.08370
5172127844.jpg,http://farm5.static.flickr.com/4108/5172127844_bd00d3385b_b.jpg,1024,1024,682.66667
5307647263.jpg,http://farm6.static.flickr.com/5241/5307647263_5258aa6be5_b.jpg,1024,683,1010.22422
4455921514.jpg,http://farm5.static.flickr.com/4050/4455921514_eb1bf2a69d_b.jpg,1024,683,461.26126
2502370328.jpg,http://farm3.static.flickr.com/2292/2502370328_53088fbac6_b.jpg,1024,682,1060.90090
4988925353.jpg,http://farm5.static.flickr.com/4145/4988925353_75fef53cd9_b.jpg,1024,683,1291.53153
5401781606.jpg,http://farm6.static.flickr.com/5299/5401781606_a648b93cd4_b.jpg,1024,680,694.23729
5351508023.jpg,http://farm6.static.flickr.com/5001/5351508023_4682c8fd93_b.jpg,1024,754,830.27027
335983071.jpg,http://farm1.static.flickr.com/129/335983071_51c42329e2_b.jpg,1024,768,1055.96433
5135450254.jpg,http://farm2.static.flickr.com/1080/5135450254_c2100d03e4_b.jpg,1024,768,1027.42475
433914568.jpg,http://farm1.static.flickr.com/188/433914568_398ec57363_b.jpg,1024,768,1113.04348
5084718487.jpg,http://farm5.static.flickr.com/4109/5084718487_f349d72dcb_b.jpg,1024,680,564.06780
5352118326.jpg,http://farm6.static.flickr.com/5282/5352118326_53a3f9ab5a_b.jpg,1024,685,830.27027
5308234294.jpg,http://farm6.static.flickr.com/5081/5308234294_7b6c75e0da_b.jpg,1024,683,780.62780
2332324024.jpg,http://farm3.static.flickr.com/2116/2332324024_8d1f79941c_b.jpg,1024,768,1013.15496
4140957584.jpg,http://farm3.static.flickr.com/2528/4140957584_70b8278231_b.jpg,1024,768,998.88517
5584578416.jpg,http://farm6.static.flickr.com/5309/5584578416_d3deced9ca_b.jpg,1024,668,968.64865
2582742616.jpg,http://farm4.static.flickr.com/3013/2582742616_71aaa6e0c1_b.jpg,1024,681,1209.78903
4992243843.jpg,http://farm5.static.flickr.com/4148/4992243843_78a9d5c0c1_b.jpg,1024,769,826.54709
2322212744.jpg,http://farm4.static.flickr.com/3288/2322212744_0e0ced2737_b.jpg,1024,683,998.88517
2905059952.jpg,http://farm4.static.flickr.com/3197/2905059952_ae7206b5d9_b.jpg,1024,768,997.05263
1830616649.jpg,http://farm3.static.flickr.com/2396/1830616649_989aea0a0a_b.jpg,1024,768,817.77778
4102089115.jpg,http://farm3.static.flickr.com/2690/4102089115_dc453468d9_b.jpg,768,1024,1312.82051
5389109497.jpg,http://farm6.static.flickr.com/5300/5389109497_448ceb6b5b_b.jpg,768,1024,1031.11111
1830500915.jpg,http://farm3.static.flickr.com/2401/1830500915_9c46af989f_b.jpg,1024,768,960.00000
4985085983.jpg,http://farm5.static.flickr.com/4104/4985085983_5253a6a642_b.jpg,1024,685,781.01695
5770887091.jpg,http://farm4.static.flickr.com/3650/5770887091_5ca65f97ae_b.jpg,1024,820,734.70852
5745312343.jpg,http://farm4.static.flickr.com/3128/5745312343_8b6c78828f_b.jpg,1024,683,830.27027
2828146908.jpg,http://farm4.static.flickr.com/3055/2828146908_363935213b_b.jpg,1024,768,835.36842
3467925193.jpg,http://farm4.static.flickr.com/3598/3467925193_5229139905_b.jpg,1024,682,784.14414
4026637118.jpg,http://farm3.static.flickr.com/2425/4026637118_863e88a11c_b.jpg,1024,768,821.89474
6052821910.jpg,http://farm7.static.flickr.com/6090/6052821910_c40ac8bdfe_b.jpg,1024,686,781.01695
2800964474.jpg,http://farm4.static.flickr.com/3080/2800964474_857b3c39f6_b.jpg,1024,768,1047.27273
326893445.jpg,http://farm1.static.flickr.com/141/326893445_3066157c39_b.jpg,1024,681,777.72152
5447881645.jpg,http://farm6.static.flickr.com/5173/5447881645_7e1c584528_b.jpg,1024,684,1183.81503
5544681732.jpg,http://farm6.static.flickr.com/5051/5544681732_ee8c056725_b.jpg,1024,680,697.19149
5544680600.jpg,http://farm6.static.flickr.com/5015/5544680600_ed07434abd_b.jpg,681,1024,479.31915
2490284928.jpg,http://farm4.static.flickr.com/3160/2490284928_e140afbfef_b.jpg,1024,683,738.01802
2946152800.jpg,http://farm4.static.flickr.com/3031/2946152800_471a01a439_b.jpg,768,1024,1047.27273
2946153490.jpg,http://farm4.static.flickr.com/3046/2946153490_f28b6dba2c_b.jpg,768,1024,1047.27273
3294169296.jpg,http://farm4.static.flickr.com/3480/3294169296_a2121f68f6_b.jpg,1024,681,682.66667
5414451866.jpg,http://farm6.static.flickr.com/5252/5414451866_8f49a75f8d_b.jpg,685,1024,1128.13559
5354635989.jpg,http://farm6.static.flickr.com/5007/5354635989_9b6658b25e_b.jpg,1024,683,1422.22222
2854448544.jpg,http://farm4.static.flickr.com/3204/2854448544_ed44db12aa_b.jpg,1024,811,977.77778
2854419896.jpg,http://farm4.static.flickr.com/3141/2854419896_b28ba000e5_b.jpg,1024,841,977.77778
2946154162.jpg,http://farm4.static.flickr.com/3203/2946154162_ed16514a68_b.jpg,768,1024,1047.27273
4808932554.jpg,http://farm5.static.flickr.com/4116/4808932554_4ef00ceab8_b.jpg,1024,768,821.89474
2206341621.jpg,http://farm3.static.flickr.com/2248/2206341621_1d8ca92e25_b.jpg,1024,768,5993.31104
3749260141.jpg,http://farm4.static.flickr.com/3514/3749260141_ba50908c1a_b.jpg,685,1024,479.31915
2410798901.jpg,http://farm4.static.flickr.com/3134/2410798901_9b021b71cd_b.jpg,1024,719,3736.21622
441186443.jpg,http://farm1.static.flickr.com/203/441186443_8ab1677b7e_b.jpg,768,1024,1056.88073
4780137198.jpg,http://farm5.static.flickr.com/4114/4780137198_cd4798a413_b.jpg,681,1024,1794.18803
2741383015.jpg,http://farm4.static.flickr.com/3239/2741383015_702f34555a_b.jpg,1024,768,1333.33333
5993129489.jpg,http://farm7.static.flickr.com/6025/5993129489_93bda22127_b.jpg,1024,683,2536.93694
3337337389.jpg,http://farm4.static.flickr.com/3578/3337337389_734749d4a5_b.jpg,1024,768,1541.13712
2946149408.jpg,http://farm4.static.flickr.com/3021/2946149408_a6442ae624_b.jpg,768,1024,1047.27273
2332201943.jpg,http://farm3.static.flickr.com/2047/2332201943_709cb475a7_b.jpg,683,1024,2026.66667
2195175036.jpg,http://farm3.static.flickr.com/2130/2195175036_67642ae81a_b.jpg,768,1024,1102.22222
5201885310.jpg,http://farm5.static.flickr.com/4126/5201885310_15b3a8a200_b.jpg,767,1024,1518.64407
3319525766.jpg,http://farm4.static.flickr.com/3574/3319525766_47cd743eeb_b.jpg,1024,680,2256.27119
3917174494.jpg,http://farm3.static.flickr.com/2480/3917174494_404625606a_b.jpg,1024,683,1937.29730
2526993241.jpg,http://farm4.static.flickr.com/3084/2526993241_d17e2b87db_b.jpg,1024,682,3090.45045
3281724238.jpg,http://farm4.static.flickr.com/3379/3281724238_ee1d6f2fda_b.jpg,1024,681,1422.22222
3224980683.jpg,http://farm4.static.flickr.com/3530/3224980683_2b154ae5b1_b.jpg,1024,576,1031.11111
1964412811.jpg,http://farm3.static.flickr.com/2070/1964412811_ffcd8ac9de_b.jpg,1024,768,817.77778
1965271790.jpg,http://farm3.static.flickr.com/2386/1965271790_c65d9527b4_b.jpg,1024,768,817.77778
4959216785.jpg,http://farm5.static.flickr.com/4131/4959216785_92be7da671_b.jpg,768,1024,704.58716
4959216077.jpg,http://farm5.static.flickr.com/4087/4959216077_b396f32c29_b.jpg,768,1024,704.58716
3624867340.jpg,http://farm3.static.flickr.com/2435/3624867340_d44a3f7dfb_b.jpg,1024,768,2062.22222
3626578551.jpg,http://farm3.static.flickr.com/2462/3626578551_7c4e7aea85_b.jpg,1024,768,1070.23411
5894735548.jpg,http://farm6.static.flickr.com/5063/5894735548_c7d06d9a73_b.jpg,1024,678,694.23729
1413255438.jpg,http://farm2.static.flickr.com/1102/1413255438_b2de23864a_b.jpg,1024,768,3565.22063
3281725798.jpg,http://farm4.static.flickr.com/3167/3281725798_5d46dac9cc_b.jpg,1024,681,1422.22222
5514170513.jpg,http://farm6.static.flickr.com/5259/5514170513_c4f516e5ef_b.jpg,1024,768,808.42105
5642144048.jpg,http://farm6.static.flickr.com/5141/5642144048_52923f5354_b.jpg,1024,683,4362.33184
2086586279.jpg,http://farm3.static.flickr.com/2382/2086586279_a77ce430e9_b.jpg,1024,681,9073.41772
4330801557.jpg,http://farm5.static.flickr.com/4013/4330801557_f2bf05d92b_b.jpg,1024,655,1001.11732
5340913719.jpg,http://farm6.static.flickr.com/5244/5340913719_4709e766b4_b.jpg,1024,680,2169.49153
5515755542.jpg,http://farm6.static.flickr.com/5253/5515755542_0842e4decc_b.jpg,1024,768,1031.11111
5960795713.jpg,http://farm7.static.flickr.com/6139/5960795713_3fac8f7c33_b.jpg,1024,768,2452.21053
4685350738.jpg,http://farm5.static.flickr.com/4021/4685350738_cec41ed75f_b.jpg,1024,1024,1041.35593
2421012481.jpg,http://farm3.static.flickr.com/2160/2421012481_8e70e575c7_b.jpg,1024,629,2536.93694
3183064252.jpg,http://farm4.static.flickr.com/3096/3183064252_a8074bce54_b.jpg,768,1024,1031.11111
1468442527.jpg,http://farm2.static.flickr.com/1034/1468442527_67966ecc9e_b.jpg,1024,768,3039.46488
517862557.jpg,http://farm1.static.flickr.com/213/517862557_3adc628eb9_b.jpg,768,1024,1031.11111
3034524121.jpg,http://farm4.static.flickr.com/3007/3034524121_79cd437fe2_b.jpg,1024,685,784.34043
5190324937.jpg,http://farm5.static.flickr.com/4088/5190324937_558f487daf_b.jpg,1024,683,551.03139
2755721530.jpg,http://farm4.static.flickr.com/3042/2755721530_c022930fef_b.jpg,1024,683,1983.42342
2277412009.jpg,http://farm3.static.flickr.com/2258/2277412009_4290192307_b.jpg,1024,683,2002.48889
4118056373.jpg,http://farm3.static.flickr.com/2716/4118056373_51395b4532_b.jpg,1024,769,2933.33333
4118826486.jpg,http://farm3.static.flickr.com/2574/4118826486_b1184ac89f_b.jpg,1024,768,2933.33333
3383464982.jpg,http://farm4.static.flickr.com/3109/3383464982_b1cfcc032e_b.jpg,768,1024,1143.92106
1964476439.jpg,http://farm3.static.flickr.com/2401/1964476439_a5c9c4e564_b.jpg,1024,768,817.77778
3929396351.jpg,http://farm3.static.flickr.com/2573/3929396351_e77a771367_b.jpg,768,1024,2542.22222
5201286599.jpg,http://farm6.static.flickr.com/5163/5201286599_0c28428787_b.jpg,680,1024,1518.64407
139870989.jpg,http://farm1.static.flickr.com/46/139870989_5409060a8b_b.jpg,1024,768,1113.04348
5297629472.jpg,http://farm6.static.flickr.com/5287/5297629472_82a14a9198_b.jpg,1024,680,781.01695
2666605723.jpg,http://farm4.static.flickr.com/3099/2666605723_d7380fa154_b.jpg,1024,576,759.14333
2800397974.jpg,http://farm4.static.flickr.com/3218/2800397974_418c4a726a_b.jpg,768,1024,1163.63636
2220265855.jpg,http://farm3.static.flickr.com/2410/2220265855_507c190a07_b.jpg,1024,768,2968.88889
473501322.jpg,http://farm1.static.flickr.com/231/473501322_fc919539f0_b.jpg,768,1024,1127.31327
1964337733.jpg,http://farm3.static.flickr.com/2021/1964337733_a9b269334c_b.jpg,1024,768,3946.66667
1964310781.jpg,http://farm3.static.flickr.com/2085/1964310781_dc1764eee1_b.jpg,1024,768,2968.88889
360810407.jpg,http://farm1.static.flickr.com/136/360810407_6f53ba7490_b.jpg,1024,768,1487.09737
4942601874.jpg,http://farm5.static.flickr.com/4123/4942601874_14baf5944f_b.jpg,1024,685,21603.37553
3896954319.jpg,http://farm3.static.flickr.com/2610/3896954319_54ec149c50_b.jpg,1024,768,1029.52895
5282357381.jpg,http://farm6.static.flickr.com/5169/5282357381_57aa2f6a89_b.jpg,1024,682,1102.06278
2293020774.jpg,http://farm4.static.flickr.com/3268/2293020774_e65a48feb4_b.jpg,1024,1024,4124.44444
2508207275.jpg,http://farm4.static.flickr.com/3284/2508207275_d54f6d2e5f_b.jpg,1024,686,2396.59574
2870620680.jpg,http://farm4.static.flickr.com/3267/2870620680_1de7d65fac_b.jpg,1024,768,3306.66667
3186936043.jpg,http://farm4.static.flickr.com/3373/3186936043_754154757a_b.jpg,1024,684,2536.93694
3303850972.jpg,http://farm4.static.flickr.com/3345/3303850972_d6b15924a8_b.jpg,1024,768,3733.33333
4546731933.jpg,http://farm5.static.flickr.com/4046/4546731933_ccdd771097_b.jpg,1024,587,2386.44068
4634875897.jpg,http://farm5.static.flickr.com/4020/4634875897_f6f2287a0c_b.jpg,768,1024,3091.94805
4762681985.jpg,http://farm5.static.flickr.com/4120/4762681985_4bb225d6a6_b.jpg,1024,768,2154.73802
4685202471.jpg,http://farm5.static.flickr.com/4008/4685202471_2e4cb63013_b.jpg,1024,768,2915.55556
5825655889.jpg,http://farm4.static.flickr.com/3369/5825655889_b446c6d8d6_b.jpg,1013,1024,781.01695
3333080466.jpg,http://farm4.static.flickr.com/3635/3333080466_e7e41dbd65_b.jpg,1024,680,520.67797
3108832224.jpg,http://farm4.static.flickr.com/3053/3108832224_81a2c933cf_b.jpg,1024,683,830.27027
3108005251.jpg,http://farm4.static.flickr.com/3027/3108005251_672695db24_b.jpg,1024,683,830.27027
490577199.jpg,http://farm1.static.flickr.com/231/490577199_b535a1f7a3_b.jpg,1024,683,830.27027
5018630598.jpg,http://farm5.static.flickr.com/4104/5018630598_69968bfe4a_b.jpg,1024,1024,1428.21053
5569143604.jpg,http://farm6.static.flickr.com/5255/5569143604_464e604ccc_b.jpg,1024,683,457.65363
1429327146.jpg,http://farm2.static.flickr.com/1178/1429327146_7ff2f3128e_b.jpg,681,1024,1031.11111
5586571789.jpg,http://farm6.static.flickr.com/5095/5586571789_597980537a_b.jpg,1024,768,786.40523
4635737038.jpg,http://farm4.static.flickr.com/3142/4635737038_6e7078c234_b.jpg,1024,685,777.72152
